{
    "Wind Speed": 0.81,
    "Pressure": 0.9166666666666666,
    "Latitude": 0.95,
    "Longitude": 0.93,
    "RMW": 0.9033333333333333,
    "Translational Velocity": 0.9233333333333333
}