{
    "SVM-LINEAR": {
        "accuracy": 1.0,
        "precision_macro": 1.0,
        "recall_macro": 1.0,
        "f1_macro": 1.0,
        "kappa": 1.0,
        "precision_per_class": [
            1.0,
            1.0,
            1.0
        ],
        "recall_per_class": [
            1.0,
            1.0,
            1.0
        ],
        "confusion_matrix_norm": [
            [
                1.0,
                0.0,
                0.0
            ],
            [
                0.0,
                1.0,
                0.0
            ],
            [
                0.0,
                0.0,
                1.0
            ]
        ],
        "kernel_alignment": 0.13319507760240248
    },
    "SVM-POLY": {
        "accuracy": 0.9993407317877157,
        "precision_macro": 0.9988763361619122,
        "recall_macro": 0.999544218265853,
        "f1_macro": 0.9992096938448286,
        "kappa": 0.9982882022460551,
        "precision_per_class": [
            0.9998558558558559,
            0.9967731526298806,
            1.0
        ],
        "recall_per_class": [
            0.9992796945905064,
            0.9993529602070528,
            1.0
        ],
        "confusion_matrix_norm": [
            [
                0.9992796945905064,
                0.0007203054094936253,
                0.0
            ],
            [
                0.0006470397929472663,
                0.9993529602070528,
                0.0
            ],
            [
                0.0,
                0.0,
                1.0
            ]
        ],
        "kernel_alignment": 0.14904380448379673
    },
    "SVM-RBF": {
        "accuracy": 0.9996154268761674,
        "precision_macro": 0.9990827819512513,
        "recall_macro": 0.9997480989526101,
        "f1_macro": 0.9994151522355085,
        "kappa": 0.9990012969563715,
        "precision_per_class": [
            1.0,
            0.998062015503876,
            0.9991863303498779
        ],
        "recall_per_class": [
            0.9995678167543038,
            0.9996764801035264,
            1.0
        ],
        "confusion_matrix_norm": [
            [
                0.9995678167543038,
                0.0004321832456961752,
                0.0
            ],
            [
                0.0,
                0.9996764801035264,
                0.00032351989647363315
            ],
            [
                0.0,
                0.0,
                1.0
            ]
        ],
        "kernel_alignment": 0.20097547318134476
    },
    "QSVM-Z-L2": {
        "accuracy": 0.9687396989341831,
        "precision_macro": 0.9131073044280882,
        "recall_macro": 0.9603982534514648,
        "f1_macro": 0.9346055700312853,
        "kappa": 0.920815871900186,
        "precision_per_class": [
            0.9928036422382142,
            0.938958133589006,
            0.8075601374570447
        ],
        "recall_per_class": [
            0.9738529136353814,
            0.9505014558395342,
            0.9568403908794788
        ],
        "confusion_matrix_norm": [
            [
                0.9738529136353814,
                0.012317222502340993,
                0.013829863862277606
            ],
            [
                0.021028793270786154,
                0.9505014558395342,
                0.028469750889679714
            ],
            [
                0.02687296416938111,
                0.016286644951140065,
                0.9568403908794788
            ]
        ],
        "kernel_alignment": 0.26567740388012123
    },
    "QSVM-ZZ-L2": {
        "accuracy": 0.8393583122733765,
        "precision_macro": 0.6891552780639817,
        "recall_macro": 0.7810014980095107,
        "f1_macro": 0.725131995071686,
        "kappa": 0.6238748174634531,
        "precision_per_class": [
            0.9526286750216757,
            0.6195358877495952,
            0.4953012714206744
        ],
        "recall_per_class": [
            0.8705611179139955,
            0.7428016823034617,
            0.7296416938110749
        ],
        "confusion_matrix_norm": [
            [
                0.8705611179139955,
                0.08701289346682993,
                0.04242598861917453
            ],
            [
                0.1523778712390812,
                0.7428016823034617,
                0.10482044645745714
            ],
            [
                0.10586319218241043,
                0.16449511400651465,
                0.7296416938110749
            ]
        ],
        "kernel_alignment": 0.10555272128834298
    },
    "QSVM-IQP-L1": {
        "accuracy": 0.9612130535106033,
        "precision_macro": 0.9125980923688263,
        "recall_macro": 0.9462001550500084,
        "f1_macro": 0.9286437263037878,
        "kappa": 0.9019805507400974,
        "precision_per_class": [
            0.9936596874078443,
            0.8589012308616031,
            0.8852333588370314
        ],
        "recall_per_class": [
            0.9708276309155082,
            0.9255904238110644,
            0.9421824104234527
        ],
        "confusion_matrix_norm": [
            [
                0.9708276309155082,
                0.029172369084491823,
                0.0
            ],
            [
                0.02588159171789065,
                0.9255904238110644,
                0.04852798447104497
            ],
            [
                0.004885993485342019,
                0.052931596091205214,
                0.9421824104234527
            ]
        ],
        "kernel_alignment": 0.21952952506754375
    },
    "QSVM-IQP-L2": {
        "accuracy": 0.9362158004614878,
        "precision_macro": 0.8640540180424767,
        "recall_macro": 0.9052941828212924,
        "f1_macro": 0.8831558523883224,
        "kappa": 0.8383411778866047,
        "precision_per_class": [
            0.9785577911587605,
            0.8162878787878788,
            0.797316384180791
        ],
        "recall_per_class": [
            0.959878988691205,
            0.8366224522808152,
            0.9193811074918566
        ],
        "confusion_matrix_norm": [
            [
                0.959878988691205,
                0.03702369804797234,
                0.0030973132608225888
            ],
            [
                0.08443869297961824,
                0.8366224522808152,
                0.07893885473956648
            ],
            [
                0.025244299674267102,
                0.05537459283387622,
                0.9193811074918566
            ]
        ],
        "kernel_alignment": 0.16790003661293562
    },
    "QSVM-IQP-L3": {
        "accuracy": 0.928249642896385,
        "precision_macro": 0.8447146364341099,
        "recall_macro": 0.9011420683940085,
        "f1_macro": 0.8703696021916633,
        "kappa": 0.8208402497454818,
        "precision_per_class": [
            0.9809594644849386,
            0.7835866261398177,
            0.7695978186775733
        ],
        "recall_per_class": [
            0.9500108045811424,
            0.8340342931090262,
            0.9193811074918566
        ],
        "confusion_matrix_norm": [
            [
                0.9500108045811424,
                0.045379240798098394,
                0.004609954620759202
            ],
            [
                0.07732125525719832,
                0.8340342931090262,
                0.08864445163377548
            ],
            [
                0.013843648208469055,
                0.06677524429967427,
                0.9193811074918566
            ]
        ],
        "kernel_alignment": 0.16475962924820642
    }
}